{"train": [5.278275334181425, 4.958030965869794, 4.8410652188034655, 4.747690546917231, 4.649867924324215], "val": [5.032515919208526, 4.919513690471649, 4.8238402009010315, 4.761394274234772, 4.694324803352356]}