{"train": [5.282416469434534, 4.958958041885814, 4.84351570238955, 4.751022251716793, 4.6507769963137475], "val": [5.0027270913124084, 4.89428893327713, 4.8192134141922, 4.773192751407623, 4.686314821243286]}