{"train": [5.899308360420225, 5.759279767627752, 5.6743251534229975, 5.557494716659534, 5.366673290396004], "val": [5.841367292404175, 5.7365830659866335, 5.682203078269959, 5.563555455207824, 5.3569616913795475]}