{"train": [5.277027788734934, 4.9532845885573105, 4.829055789867829, 4.716730736565652], "val": [4.997117841243744, 4.880329966545105, 4.805617094039917, 4.7403889179229735]}