{"train": [5.280237964799448, 4.95369565704784, 4.831056579908565, 4.7176242795998995], "val": [5.012551701068878, 4.90908305644989, 4.815536952018737, 4.734848439693451]}